run_id,env,profile,workload,intensity,replica,cpu_pct_avg,mem_rss_avg_kb,io_read_bytes,io_write_bytes,probe_p99_us,throughput,duration_s,timestamp
1,host,none,cpu_stress,1,1,99.48,0,0,0,2171.45,4110,10,1780773479
2,host,none,cpu_stress,1,2,99.09,0,0,0,2169.64,4161,10,1780773489
3,host,none,cpu_stress,1,3,99.53,0,0,0,2525.85,3880,10,1780773499
4,host,none,cpu_stress,1,4,99.45,0,0,0,2284.16,3836,10,1780773509
5,host,none,cpu_stress,1,5,99.57,0,0,0,2637.61,3922,10,1780773519
6,host,none,cpu_stress,1,6,99.33,0,0,0,2076.37,4100,10,1780773529
7,host,none,cpu_stress,1,7,99.39,0,0,0,1878.51,4271,10,1780773540
8,host,none,cpu_stress,1,8,99.36,0,0,0,1748.03,4529,10,1780773550
9,host,none,cpu_stress,1,9,88.96,0,0,0,1271.28,5126,10,1780773560
10,host,none,cpu_stress,1,10,99.47,0,0,0,1922.30,4483,10,1780773570
11,host,none,cpu_stress,1,11,96.09,0,0,0,2015.52,4514,10,1780773580
12,host,none,cpu_stress,1,12,99.09,0,0,0,2435.82,4169,10,1780773590
13,host,none,cpu_stress,1,13,99.32,0,0,0,2490.71,3813,10,1780773600
14,host,none,cpu_stress,1,14,87.67,0,0,0,1814.54,4734,10,1780773611
15,host,none,cpu_stress,1,15,99.21,0,0,0,2813.82,3898,10,1780773621
16,host,none,cpu_stress,1,16,99.33,0,0,0,2395.52,3923,10,1780773631
17,host,none,cpu_stress,1,17,99.22,0,0,0,2103.93,4093,10,1780773641
18,host,none,cpu_stress,1,18,99.40,0,0,0,2119.76,4222,10,1780773651
19,host,none,cpu_stress,1,19,99.36,0,0,0,2099.03,4275,10,1780773661
20,host,none,cpu_stress,1,20,99.51,0,0,0,2164.41,4165,10,1780773671
21,host,none,cpu_stress,1,21,99.35,0,0,0,2153.27,4304,10,1780773682
22,host,none,cpu_stress,1,22,90.35,0,0,0,1566.62,5080,10,1780773692
23,host,none,cpu_stress,1,23,81.98,0,0,0,1212.19,5350,10,1780773702
24,host,none,cpu_stress,1,24,87.37,0,0,0,1227.92,5187,10,1780773712
25,host,none,cpu_stress,1,25,99.30,0,0,0,2165.51,4485,10,1780773722
26,host,none,cpu_stress,1,26,99.19,0,0,0,1956.75,4563,10,1780773732
27,host,none,cpu_stress,1,27,99.39,0,0,0,1896.23,4574,10,1780773742
28,host,none,cpu_stress,1,28,99.22,0,0,0,2050.48,4327,10,1780773753
29,host,none,cpu_stress,1,29,87.15,0,0,0,1194.68,5282,10,1780773763
30,host,none,cpu_stress,1,30,99.37,0,0,0,2041.58,4366,10,1780773773
31,docker,baseline,cpu_stress,1,1,99.58,0,0,0,2273.75,4158,10,1780773813
32,docker,baseline,cpu_stress,1,2,99.45,0,0,0,2203.39,4315,10,1780773823
33,docker,baseline,cpu_stress,1,3,99.34,0,0,0,2212.52,4460,10,1780773834
34,docker,baseline,cpu_stress,1,4,99.39,0,0,0,2264.18,4271,10,1780773844
35,docker,baseline,cpu_stress,1,5,99.54,0,0,0,2455.49,4300,10,1780773855
36,docker,baseline,cpu_stress,1,6,98.96,0,0,0,2214.88,4447,10,1780773866
37,docker,baseline,cpu_stress,1,7,127.03,0,0,0,2215.52,4562,10,1780773876
38,docker,baseline,cpu_stress,1,8,98.92,0,0,0,2444.08,4068,10,1780773887
39,docker,baseline,cpu_stress,1,9,99.34,0,0,0,2603.39,3941,10,1780773898
40,docker,baseline,cpu_stress,1,10,98.89,0,0,0,2314.44,4387,10,1780773908
41,docker,baseline,cpu_stress,1,11,99.51,0,0,0,2440.37,4371,10,1780773919
42,docker,baseline,cpu_stress,1,12,99.45,0,0,0,2011.22,4313,10,1780773929
43,docker,baseline,cpu_stress,1,13,99.28,0,0,0,2119.73,4330,10,1780773940
44,docker,baseline,cpu_stress,1,14,99.39,0,0,0,2282.37,3702,10,1780773951
45,docker,baseline,cpu_stress,1,15,99.32,0,0,0,2414.97,4114,10,1780773961
46,docker,baseline,cpu_stress,1,16,99.59,0,0,0,2047.89,4205,10,1780773972
47,docker,baseline,cpu_stress,1,17,99.51,0,0,0,2406.64,3964,10,1780773982
48,docker,baseline,cpu_stress,1,18,97.96,0,0,0,1573.72,4924,10,1780773993
49,docker,baseline,cpu_stress,1,19,99.32,0,0,0,2210.00,4258,10,1780774004
50,docker,baseline,cpu_stress,1,20,94.98,0,0,0,1419.45,5120,10,1780774014
51,docker,baseline,cpu_stress,1,21,99.20,0,0,0,2138.83,4502,10,1780774025
52,docker,baseline,cpu_stress,1,22,99.30,0,0,0,2236.44,4329,10,1780774036
53,docker,baseline,cpu_stress,1,23,99.41,0,0,0,2145.98,4189,10,1780774046
54,docker,baseline,cpu_stress,1,24,99.36,0,0,0,2310.65,3733,10,1780774057
55,docker,baseline,cpu_stress,1,25,99.52,0,0,0,2293.60,3539,10,1780774067
56,docker,baseline,cpu_stress,1,26,99.17,0,0,0,1901.08,4268,10,1780774078
57,docker,baseline,cpu_stress,1,27,99.31,0,0,0,2326.72,4388,10,1780774089
58,docker,baseline,cpu_stress,1,28,99.56,0,0,0,2348.45,4128,10,1780774099
59,docker,baseline,cpu_stress,1,29,99.45,0,0,0,2500.25,3938,10,1780774110
60,docker,baseline,cpu_stress,1,30,99.45,0,0,0,2235.06,4144,10,1780774121
61,docker,cpu-limit,cpu_stress,1,1,86.19,0,0,0,2582.86,3565,10,1780774161
62,docker,cpu-limit,cpu_stress,1,2,39.81,0,0,0,1252.41,3126,10,1780774172
63,docker,cpu-limit,cpu_stress,1,3,54.55,0,0,0,1700.46,3394,10,1780774184
64,docker,cpu-limit,cpu_stress,1,4,87.28,0,0,0,2685.45,3545,10,1780774194
65,docker,cpu-limit,cpu_stress,1,5,95.55,0,0,0,2953.94,3715,10,1780774205
66,docker,cpu-limit,cpu_stress,1,6,97.04,0,0,0,2443.90,4125,10,1780774216
67,docker,cpu-limit,cpu_stress,1,7,96.58,0,0,0,2365.82,4010,10,1780774226
68,docker,cpu-limit,cpu_stress,1,8,94.25,0,0,0,2336.99,3979,10,1780774237
69,docker,cpu-limit,cpu_stress,1,9,117.57,0,0,0,1978.23,3635,10,1780774248
70,docker,cpu-limit,cpu_stress,1,10,74.00,0,0,0,1976.76,3377,10,1780774260
71,docker,cpu-limit,cpu_stress,1,11,96.01,0,0,0,2595.80,3986,10,1780774271
72,docker,cpu-limit,cpu_stress,1,12,73.83,0,0,0,2214.47,3119,10,1780774282
73,docker,cpu-limit,cpu_stress,1,13,95.92,0,0,0,2782.93,3886,10,1780774292
74,docker,cpu-limit,cpu_stress,1,14,96.26,0,0,0,2175.77,4203,10,1780774303
75,docker,cpu-limit,cpu_stress,1,15,86.98,0,0,0,2971.29,3562,10,1780774314
76,docker,cpu-limit,cpu_stress,1,16,95.18,0,0,0,2331.05,3840,10,1780774324
77,docker,cpu-limit,cpu_stress,1,17,90.03,0,0,0,2641.45,3705,10,1780774335
78,docker,cpu-limit,cpu_stress,1,18,96.06,0,0,0,2160.98,4086,10,1780774346
79,docker,cpu-limit,cpu_stress,1,19,94.98,0,0,0,2560.21,4076,10,1780774356
80,docker,cpu-limit,cpu_stress,1,20,69.79,0,0,0,1726.28,3176,10,1780774368
81,docker,cpu-limit,cpu_stress,1,21,97.05,0,0,0,2488.16,4075,10,1780774378
82,docker,cpu-limit,cpu_stress,1,22,91.66,0,0,0,2701.64,3768,10,1780774389
83,docker,cpu-limit,cpu_stress,1,23,83.39,0,0,0,2526.30,3480,10,1780774400
84,docker,cpu-limit,cpu_stress,1,24,89.73,0,0,0,2723.90,3392,10,1780774411
85,docker,cpu-limit,cpu_stress,1,25,96.65,0,0,0,2674.34,4061,10,1780774421
86,docker,cpu-limit,cpu_stress,1,26,93.04,0,0,0,2417.61,3776,10,1780774432
87,docker,cpu-limit,cpu_stress,1,27,91.69,0,0,0,2320.17,3686,10,1780774443
88,docker,cpu-limit,cpu_stress,1,28,81.30,0,0,0,2262.45,3530,10,1780774453
89,docker,cpu-limit,cpu_stress,1,29,74.08,0,0,0,2381.85,3529,10,1780774464
90,docker,cpu-limit,cpu_stress,1,30,93.57,0,0,0,2812.98,3635,10,1780774475
91,docker,mem-limit,cpu_stress,1,1,99.31,0,0,0,2280.10,4156,10,1780774515
92,docker,mem-limit,cpu_stress,1,2,99.55,0,0,0,2585.07,4075,10,1780774526
93,docker,mem-limit,cpu_stress,1,3,99.49,0,0,0,2536.72,3965,10,1780774536
94,docker,mem-limit,cpu_stress,1,4,99.53,0,0,0,2525.95,4103,10,1780774547
95,docker,mem-limit,cpu_stress,1,5,91.18,0,0,0,1313.77,5233,10,1780774558
96,docker,mem-limit,cpu_stress,1,6,99.16,0,0,0,2903.20,4176,10,1780774569
97,docker,mem-limit,cpu_stress,1,7,99.70,0,0,0,3007.93,3881,10,1780774580
98,docker,mem-limit,cpu_stress,1,8,99.45,0,0,0,2432.76,4014,10,1780774590
99,docker,mem-limit,cpu_stress,1,9,99.55,0,0,0,2454.60,4041,10,1780774601
100,docker,mem-limit,cpu_stress,1,10,99.51,0,0,0,2693.59,4034,10,1780774612
101,docker,mem-limit,cpu_stress,1,11,99.44,0,0,0,3226.98,3978,10,1780774623
102,docker,mem-limit,cpu_stress,1,12,99.51,0,0,0,2621.89,4008,10,1780774633
103,docker,mem-limit,cpu_stress,1,13,98.37,0,0,0,2153.81,4708,10,1780774644
104,docker,mem-limit,cpu_stress,1,14,99.15,0,0,0,2222.90,4284,10,1780774655
105,docker,mem-limit,cpu_stress,1,15,99.20,0,0,0,2409.74,4530,10,1780774665
106,docker,mem-limit,cpu_stress,1,16,93.76,0,0,0,1507.95,5026,10,1780774676
107,docker,mem-limit,cpu_stress,1,17,98.62,0,0,0,2509.97,4500,10,1780774687
108,docker,mem-limit,cpu_stress,1,18,98.93,0,0,0,2481.54,3962,10,1780774698
109,docker,mem-limit,cpu_stress,1,19,98.92,0,0,0,2964.53,4055,10,1780774708
110,docker,mem-limit,cpu_stress,1,20,99.43,0,0,0,2220.85,3931,10,1780774719
111,docker,mem-limit,cpu_stress,1,21,99.01,0,0,0,2262.35,4126,10,1780774730
112,docker,mem-limit,cpu_stress,1,22,99.30,0,0,0,2442.73,3917,10,1780774741
113,docker,mem-limit,cpu_stress,1,23,101.26,0,0,0,2566.66,4113,10,1780774751
114,docker,mem-limit,cpu_stress,1,24,97.68,0,0,0,1871.24,4737,10,1780774762
115,docker,mem-limit,cpu_stress,1,25,97.90,0,0,0,2442.24,4337,10,1780774773
116,docker,mem-limit,cpu_stress,1,26,95.43,0,0,0,1773.94,5198,10,1780774784
117,docker,mem-limit,cpu_stress,1,27,90.78,0,0,0,1459.39,5347,10,1780774794
118,docker,mem-limit,cpu_stress,1,28,97.15,0,0,0,1769.90,4904,10,1780774805
119,docker,mem-limit,cpu_stress,1,29,96.31,0,0,0,2133.76,5043,10,1780774816
120,docker,mem-limit,cpu_stress,1,30,99.23,0,0,0,2443.03,4352,10,1780774826
121,host,none,cpu_stress,2,1,99.35,0,0,0,15307.09,1048,10,1780774857
122,host,none,cpu_stress,2,2,99.45,0,0,0,16817.04,1173,10,1780774867
123,host,none,cpu_stress,2,3,95.22,0,0,0,13351.93,1376,10,1780774877
124,host,none,cpu_stress,2,4,99.56,0,0,0,17140.23,1156,10,1780774887
125,host,none,cpu_stress,2,5,95.92,0,0,0,17490.59,1384,10,1780774897
126,host,none,cpu_stress,2,6,99.33,0,0,0,15478.51,1236,10,1780774907
127,host,none,cpu_stress,2,7,99.46,0,0,0,14088.78,1202,10,1780774918
128,host,none,cpu_stress,2,8,99.42,0,0,0,15681.16,1223,10,1780774928
129,host,none,cpu_stress,2,9,102.41,0,0,0,15107.98,1182,10,1780774938
130,host,none,cpu_stress,2,10,98.86,0,0,0,17546.61,1184,10,1780774948
131,host,none,cpu_stress,2,11,97.60,0,0,0,15554.47,1361,10,1780774958
132,host,none,cpu_stress,2,12,149.15,0,0,0,13807.77,1429,10,1780774968
133,host,none,cpu_stress,2,13,99.44,0,0,0,15266.53,1211,10,1780774978
134,host,none,cpu_stress,2,14,98.78,0,0,0,13827.70,1287,10,1780774989
135,host,none,cpu_stress,2,15,99.09,0,0,0,16362.84,1157,10,1780774999
136,host,none,cpu_stress,2,16,99.36,0,0,0,16369.79,1159,10,1780775009
137,host,none,cpu_stress,2,17,99.38,0,0,0,15723.23,1186,10,1780775019
138,host,none,cpu_stress,2,18,99.47,0,0,0,15648.55,1199,10,1780775029
139,host,none,cpu_stress,2,19,99.32,0,0,0,14466.98,1191,10,1780775040
140,host,none,cpu_stress,2,20,99.20,0,0,0,15193.42,1209,10,1780775050
141,host,none,cpu_stress,2,21,99.45,0,0,0,15228.25,1175,10,1780775060
142,host,none,cpu_stress,2,22,99.48,0,0,0,14243.43,1152,10,1780775070
143,host,none,cpu_stress,2,23,99.51,0,0,0,14038.58,1208,10,1780775080
144,host,none,cpu_stress,2,24,99.50,0,0,0,15298.64,1211,10,1780775090
145,host,none,cpu_stress,2,25,98.17,0,0,0,13714.24,1324,10,1780775100
146,host,none,cpu_stress,2,26,98.63,0,0,0,15410.03,1342,10,1780775111
147,host,none,cpu_stress,2,27,99.47,0,0,0,16392.29,1147,10,1780775121
148,host,none,cpu_stress,2,28,99.46,0,0,0,13241.34,1187,10,1780775131
149,host,none,cpu_stress,2,29,98.83,0,0,0,16634.07,1269,10,1780775141
150,host,none,cpu_stress,2,30,99.50,0,0,0,15840.59,1145,10,1780775151
151,docker,baseline,cpu_stress,2,1,99.07,0,0,0,18471.40,1187,10,1780775193
152,docker,baseline,cpu_stress,2,2,99.32,0,0,0,15729.70,1150,10,1780775204
153,docker,baseline,cpu_stress,2,3,98.35,0,0,0,17065.73,1326,10,1780775215
154,docker,baseline,cpu_stress,2,4,96.02,0,0,0,11530.56,1443,10,1780775225
155,docker,baseline,cpu_stress,2,5,99.10,0,0,0,16198.07,1179,10,1780775236
156,docker,baseline,cpu_stress,2,6,99.01,0,0,0,15426.39,1143,10,1780775247
157,docker,baseline,cpu_stress,2,7,98.79,0,0,0,16661.88,1186,10,1780775257
158,docker,baseline,cpu_stress,2,8,97.55,0,0,0,14750.68,1390,10,1780775268
159,docker,baseline,cpu_stress,2,9,98.75,0,0,0,16927.45,1251,10,1780775279
160,docker,baseline,cpu_stress,2,10,98.73,0,0,0,16846.36,1272,10,1780775290
161,docker,baseline,cpu_stress,2,11,97.89,0,0,0,16015.82,1191,10,1780775300
162,docker,baseline,cpu_stress,2,12,98.76,0,0,0,20188.70,1182,10,1780775311
163,docker,baseline,cpu_stress,2,13,90.35,0,0,0,10527.57,1436,10,1780775322
164,docker,baseline,cpu_stress,2,14,98.85,0,0,0,15195.07,1222,10,1780775333
165,docker,baseline,cpu_stress,2,15,93.74,0,0,0,15233.34,1369,10,1780775343
166,docker,baseline,cpu_stress,2,16,99.09,0,0,0,15394.49,1199,10,1780775354
167,docker,baseline,cpu_stress,2,17,98.67,0,0,0,16654.70,1143,10,1780775365
168,docker,baseline,cpu_stress,2,18,95.42,0,0,0,15660.08,1431,10,1780775375
169,docker,baseline,cpu_stress,2,19,157.30,0,0,0,13589.11,1461,10,1780775386
170,docker,baseline,cpu_stress,2,20,97.70,0,0,0,15605.94,1332,10,1780775397
171,docker,baseline,cpu_stress,2,21,99.42,0,0,0,16572.62,1186,10,1780775407
172,docker,baseline,cpu_stress,2,22,99.23,0,0,0,16419.82,1154,10,1780775418
173,docker,baseline,cpu_stress,2,23,91.87,0,0,0,12066.31,1404,10,1780775429
174,docker,baseline,cpu_stress,2,24,98.87,0,0,0,15251.77,1241,10,1780775440
175,docker,baseline,cpu_stress,2,25,98.86,0,0,0,16096.83,1235,10,1780775450
176,docker,baseline,cpu_stress,2,26,98.67,0,0,0,15965.40,1282,10,1780775461
177,docker,baseline,cpu_stress,2,27,98.98,0,0,0,15142.49,1247,10,1780775472
178,docker,baseline,cpu_stress,2,28,99.39,0,0,0,15034.08,1161,10,1780775483
179,docker,baseline,cpu_stress,2,29,98.97,0,0,0,16807.01,1171,10,1780775493
180,docker,baseline,cpu_stress,2,30,98.62,0,0,0,16223.29,1257,10,1780775504
181,docker,cpu-limit,cpu_stress,2,1,83.59,0,0,0,45829.89,950,10,1780775544
182,docker,cpu-limit,cpu_stress,2,2,38.55,0,0,0,9438.64,1103,10,1780775559
183,docker,cpu-limit,cpu_stress,2,3,60.74,0,0,0,13057.94,861,10,1780775571
184,docker,cpu-limit,cpu_stress,2,4,92.75,0,0,0,23182.36,1045,10,1780775581
185,docker,cpu-limit,cpu_stress,2,5,86.85,0,0,0,41056.78,970,10,1780775592
186,docker,cpu-limit,cpu_stress,2,6,96.90,0,0,0,17149.42,1096,10,1780775603
187,docker,cpu-limit,cpu_stress,2,7,95.82,0,0,0,21995.62,952,10,1780775614
188,docker,cpu-limit,cpu_stress,2,8,97.83,0,0,0,13225.67,894,10,1780775625
189,docker,cpu-limit,cpu_stress,2,9,99.50,0,0,0,19688.01,935,10,1780775637
190,docker,cpu-limit,cpu_stress,2,10,87.61,0,0,0,11151.35,775,10,1780775647
191,docker,cpu-limit,cpu_stress,2,11,95.75,0,0,0,18874.84,1034,10,1780775658
192,docker,cpu-limit,cpu_stress,2,12,96.91,0,0,0,15817.49,995,10,1780775669
193,docker,cpu-limit,cpu_stress,2,13,107.97,0,0,0,17766.65,867,10,1780775680
194,docker,cpu-limit,cpu_stress,2,14,100.05,0,0,0,44781.61,984,10,1780775690
195,docker,cpu-limit,cpu_stress,2,15,92.39,0,0,0,31043.06,949,10,1780775701
196,docker,cpu-limit,cpu_stress,2,16,88.15,0,0,0,26701.22,876,10,1780775712
197,docker,cpu-limit,cpu_stress,2,17,91.48,0,0,0,37440.85,825,10,1780775723
198,docker,cpu-limit,cpu_stress,2,18,94.85,0,0,0,28229.75,914,10,1780775734
199,docker,cpu-limit,cpu_stress,2,19,96.26,0,0,0,17259.60,1108,10,1780775744
200,docker,cpu-limit,cpu_stress,2,20,89.71,0,0,0,38646.09,938,10,1780775755
201,docker,cpu-limit,cpu_stress,2,21,83.54,0,0,0,48106.38,914,10,1780775766
202,docker,cpu-limit,cpu_stress,2,22,91.30,0,0,0,40089.45,923,10,1780775777
203,docker,cpu-limit,cpu_stress,2,23,104.56,0,0,0,37763.35,760,10,1780775788
204,docker,cpu-limit,cpu_stress,2,24,92.38,0,0,0,99227.71,889,10,1780775799
205,docker,cpu-limit,cpu_stress,2,25,86.14,0,0,0,38862.27,1020,10,1780775810
206,docker,cpu-limit,cpu_stress,2,26,158.23,0,0,0,42908.65,785,10,1780775821
207,docker,cpu-limit,cpu_stress,2,27,82.41,0,0,0,61185.11,1015,10,1780775833
208,docker,cpu-limit,cpu_stress,2,28,94.36,0,0,0,21371.56,1116,10,1780775843
209,docker,cpu-limit,cpu_stress,2,29,97.42,0,0,0,18315.78,1162,10,1780775854
210,docker,cpu-limit,cpu_stress,2,30,95.85,0,0,0,33141.85,947,10,1780775865
211,docker,mem-limit,cpu_stress,2,1,99.31,0,0,0,15972.59,1126,10,1780775907
212,docker,mem-limit,cpu_stress,2,2,99.30,0,0,0,17463.23,1116,10,1780775918
213,docker,mem-limit,cpu_stress,2,3,95.61,0,0,0,17911.35,1357,10,1780775928
214,docker,mem-limit,cpu_stress,2,4,97.67,0,0,0,15919.04,1300,10,1780775939
215,docker,mem-limit,cpu_stress,2,5,98.65,0,0,0,16604.94,1200,10,1780775950
216,docker,mem-limit,cpu_stress,2,6,97.66,0,0,0,16335.18,1165,10,1780775961
217,docker,mem-limit,cpu_stress,2,7,98.38,0,0,0,20364.09,1039,10,1780775971
218,docker,mem-limit,cpu_stress,2,8,116.44,0,0,0,16130.98,1249,10,1780775982
219,docker,mem-limit,cpu_stress,2,9,98.05,0,0,0,15643.56,1264,10,1780775993
220,docker,mem-limit,cpu_stress,2,10,99.08,0,0,0,17198.34,1239,10,1780776003
221,docker,mem-limit,cpu_stress,2,11,99.10,0,0,0,16971.10,1172,10,1780776014
222,docker,mem-limit,cpu_stress,2,12,99.02,0,0,0,16491.54,1047,10,1780776025
223,docker,mem-limit,cpu_stress,2,13,98.79,0,0,0,17835.95,934,10,1780776036
224,docker,mem-limit,cpu_stress,2,14,99.40,0,0,0,18064.58,950,10,1780776046
225,docker,mem-limit,cpu_stress,2,15,99.54,0,0,0,15168.08,1157,10,1780776057
226,docker,mem-limit,cpu_stress,2,16,99.42,0,0,0,15261.90,1195,10,1780776068
227,docker,mem-limit,cpu_stress,2,17,98.36,0,0,0,15677.08,1256,10,1780776079
228,docker,mem-limit,cpu_stress,2,18,98.10,0,0,0,17243.63,1228,10,1780776090
229,docker,mem-limit,cpu_stress,2,19,99.59,0,0,0,16292.13,1138,10,1780776100
230,docker,mem-limit,cpu_stress,2,20,99.36,0,0,0,15031.71,1219,10,1780776111
231,docker,mem-limit,cpu_stress,2,21,99.49,0,0,0,15387.45,1100,10,1780776122
232,docker,mem-limit,cpu_stress,2,22,99.31,0,0,0,14780.63,1224,10,1780776133
233,docker,mem-limit,cpu_stress,2,23,99.33,0,0,0,14928.73,1233,10,1780776143
234,docker,mem-limit,cpu_stress,2,24,94.47,0,0,0,13036.20,1305,10,1780776154
235,docker,mem-limit,cpu_stress,2,25,99.15,0,0,0,16810.37,1065,10,1780776165
236,docker,mem-limit,cpu_stress,2,26,98.57,0,0,0,15897.31,1163,10,1780776175
237,docker,mem-limit,cpu_stress,2,27,99.48,0,0,0,14558.27,1165,10,1780776186
238,docker,mem-limit,cpu_stress,2,28,96.35,0,0,0,14256.07,1249,10,1780776197
239,docker,mem-limit,cpu_stress,2,29,99.44,0,0,0,14940.64,1069,10,1780776207
240,docker,mem-limit,cpu_stress,2,30,97.49,0,0,0,13345.96,1353,10,1780776218
241,host,none,mem_stress,1,1,0,37932,0,0,168645.12,58,10,1780776249
242,host,none,mem_stress,1,2,0,37021,0,0,115632.99,60,10,1780776259
243,host,none,mem_stress,1,3,0,44522,0,0,131807.59,75,10,1780776269
244,host,none,mem_stress,1,4,0,33974,0,0,101338.99,71,10,1780776280
245,host,none,mem_stress,1,5,0,36958,0,0,127287.91,61,10,1780776290
246,host,none,mem_stress,1,6,0,35080,0,0,118909.07,64,10,1780776300
247,host,none,mem_stress,1,7,0,36340,0,0,108862.03,64,10,1780776310
248,host,none,mem_stress,1,8,0,34266,0,0,128967.38,58,10,1780776320
249,host,none,mem_stress,1,9,0,37216,0,0,121259.70,56,10,1780776331
250,host,none,mem_stress,1,10,0,39329,0,0,131515.53,59,10,1780776341
251,host,none,mem_stress,1,11,0,40420,0,0,116066.77,61,10,1780776351
252,host,none,mem_stress,1,12,0,39667,0,0,108813.40,72,10,1780776361
253,host,none,mem_stress,1,13,0,34779,0,0,126542.59,64,10,1780776371
254,host,none,mem_stress,1,14,0,36869,0,0,110522.32,67,10,1780776382
255,host,none,mem_stress,1,15,0,36406,0,0,121346.50,55,10,1780776392
256,host,none,mem_stress,1,16,0,34033,0,0,113418.92,62,10,1780776402
257,host,none,mem_stress,1,17,0,34331,0,0,125777.34,66,10,1780776412
258,host,none,mem_stress,1,18,0,39786,0,0,123535.67,68,10,1780776422
259,host,none,mem_stress,1,19,0,36317,0,0,108076.08,66,10,1780776433
260,host,none,mem_stress,1,20,0,36021,0,0,121396.37,57,10,1780776443
261,host,none,mem_stress,1,21,0,35586,0,0,130075.62,63,10,1780776453
262,host,none,mem_stress,1,22,0,35573,0,0,121270.46,64,10,1780776463
263,host,none,mem_stress,1,23,0,35881,0,0,102976.10,64,10,1780776474
264,host,none,mem_stress,1,24,0,34390,0,0,96574.96,69,10,1780776484
265,host,none,mem_stress,1,25,0,40405,0,0,72949.52,79,10,1780776494
266,host,none,mem_stress,1,26,0,35711,0,0,83097.97,73,10,1780776504
267,host,none,mem_stress,1,27,0,37585,0,0,113006.26,61,10,1780776515
268,host,none,mem_stress,1,28,0,33922,0,0,112684.73,64,10,1780776525
269,host,none,mem_stress,1,29,0,38669,0,0,93418.26,77,10,1780776535
270,host,none,mem_stress,1,30,0,34528,0,0,98114.68,71,10,1780776545
271,docker,baseline,mem_stress,1,1,0,32523,0,0,108749.78,63,10,1780776587
272,docker,baseline,mem_stress,1,2,0,35183,0,0,101211.29,63,10,1780776597
273,docker,baseline,mem_stress,1,3,0,34455,0,0,82363.01,75,10,1780776608
274,docker,baseline,mem_stress,1,4,0,37249,0,0,116322.01,66,10,1780776619
275,docker,baseline,mem_stress,1,5,0,36047,0,0,113350.07,65,10,1780776630
276,docker,baseline,mem_stress,1,6,0,36642,0,0,114470.40,67,10,1780776640
277,docker,baseline,mem_stress,1,7,0,35307,0,0,127922.20,55,10,1780776651
278,docker,baseline,mem_stress,1,8,0,33668,0,0,96015.76,75,10,1780776662
279,docker,baseline,mem_stress,1,9,0,34832,0,0,107130.61,64,10,1780776673
280,docker,baseline,mem_stress,1,10,0,35647,0,0,122644.46,64,10,1780776683
281,docker,baseline,mem_stress,1,11,0,34229,0,0,130035.08,64,10,1780776694
282,docker,baseline,mem_stress,1,12,0,36040,0,0,120711.43,62,10,1780776705
283,docker,baseline,mem_stress,1,13,0,37670,0,0,98198.10,65,10,1780776715
284,docker,baseline,mem_stress,1,14,0,39574,0,0,89495.36,79,10,1780776726
285,docker,baseline,mem_stress,1,15,0,34817,0,0,108757.71,64,10,1780776737
286,docker,baseline,mem_stress,1,16,0,33196,0,0,109654.26,63,10,1780776748
287,docker,baseline,mem_stress,1,17,0,35474,0,0,90144.17,72,10,1780776758
288,docker,baseline,mem_stress,1,18,0,33671,0,0,104564.69,65,10,1780776769
289,docker,baseline,mem_stress,1,19,0,31145,0,0,87442.34,71,10,1780776780
290,docker,baseline,mem_stress,1,20,0,38927,0,0,112456.48,70,10,1780776790
291,docker,baseline,mem_stress,1,21,0,33737,0,0,95151.58,68,10,1780776801
292,docker,baseline,mem_stress,1,22,0,36497,0,0,109415.01,70,10,1780776812
293,docker,baseline,mem_stress,1,23,0,33216,0,0,97511.99,72,10,1780776822
294,docker,baseline,mem_stress,1,24,0,34113,0,0,93794.97,70,10,1780776833
295,docker,baseline,mem_stress,1,25,0,33545,0,0,102664.22,68,10,1780776843
296,docker,baseline,mem_stress,1,26,0,33298,0,0,109651.27,63,10,1780776854
297,docker,baseline,mem_stress,1,27,0,34172,0,0,123589.24,61,10,1780776865
298,docker,baseline,mem_stress,1,28,0,33908,0,0,107258.32,65,10,1780776876
299,docker,baseline,mem_stress,1,29,0,33820,0,0,100229.76,66,10,1780776886
300,docker,baseline,mem_stress,1,30,0,32718,0,0,96527.78,74,10,1780776897
301,docker,cpu-limit,mem_stress,1,1,0,35784,0,0,129634.08,55,10,1780776940
302,docker,cpu-limit,mem_stress,1,2,0,45936,0,0,86035.17,41,10,1780776951
303,docker,cpu-limit,mem_stress,1,3,0,35172,0,0,157377.20,57,10,1780776962
304,docker,cpu-limit,mem_stress,1,4,0,34144,0,0,143405.59,56,10,1780776973
305,docker,cpu-limit,mem_stress,1,5,0,34865,0,0,141216.63,55,10,1780776984
306,docker,cpu-limit,mem_stress,1,6,0,32661,0,0,1023335.64,44,10,1780776995
307,docker,cpu-limit,mem_stress,1,7,0,40791,0,0,142140.21,50,10,1780777005
308,docker,cpu-limit,mem_stress,1,8,0,35396,0,0,114824.03,53,10,1780777016
309,docker,cpu-limit,mem_stress,1,9,0,37589,0,0,147958.48,49,10,1780777027
310,docker,cpu-limit,mem_stress,1,10,0,34638,0,0,103768.30,47,10,1780777039
311,docker,cpu-limit,mem_stress,1,11,0,31546,0,0,178323.26,45,10,1780777051
312,docker,cpu-limit,mem_stress,1,12,0,34004,0,0,145075.73,63,10,1780777061
313,docker,cpu-limit,mem_stress,1,13,0,38956,0,0,152010.02,54,10,1780777072
314,docker,cpu-limit,mem_stress,1,14,0,35992,0,0,160305.39,54,10,1780777083
315,docker,cpu-limit,mem_stress,1,15,0,26476,0,0,1068976.07,42,10,1780777093
316,docker,cpu-limit,mem_stress,1,16,0,35172,0,0,147463.10,62,10,1780777104
317,docker,cpu-limit,mem_stress,1,17,0,32844,0,0,149526.07,59,10,1780777115
318,docker,cpu-limit,mem_stress,1,18,0,33654,0,0,122883.02,61,10,1780777125
319,docker,cpu-limit,mem_stress,1,19,0,36273,0,0,130985.52,64,10,1780777136
320,docker,cpu-limit,mem_stress,1,20,0,33930,0,0,104325.94,62,10,1780777147
321,docker,cpu-limit,mem_stress,1,21,0,33911,0,0,172037.16,57,10,1780777157
322,docker,cpu-limit,mem_stress,1,22,0,34560,0,0,112585.30,63,10,1780777168
323,docker,cpu-limit,mem_stress,1,23,0,34037,0,0,139016.04,55,10,1780777179
324,docker,cpu-limit,mem_stress,1,24,0,34306,0,0,219468.62,52,10,1780777190
325,docker,cpu-limit,mem_stress,1,25,0,36102,0,0,515162.80,47,10,1780777201
326,docker,cpu-limit,mem_stress,1,26,0,35726,0,0,123999.56,50,10,1780777211
327,docker,cpu-limit,mem_stress,1,27,0,28946,0,0,780874.18,46,10,1780777222
328,docker,cpu-limit,mem_stress,1,28,0,30496,0,0,405208.24,51,10,1780777233
329,docker,cpu-limit,mem_stress,1,29,0,39328,0,0,411775.86,52,10,1780777244
330,docker,cpu-limit,mem_stress,1,30,0,37341,0,0,872468.88,50,10,1780777254
331,docker,mem-limit,mem_stress,1,1,0,38535,0,0,127437.01,59,10,1780777294
332,docker,mem-limit,mem_stress,1,2,0,36915,0,0,119836.55,62,10,1780777305
333,docker,mem-limit,mem_stress,1,3,0,35015,0,0,107766.30,60,10,1780777316
334,docker,mem-limit,mem_stress,1,4,0,34701,0,0,122795.36,61,10,1780777327
335,docker,mem-limit,mem_stress,1,5,0,32249,0,0,111536.16,62,10,1780777337
336,docker,mem-limit,mem_stress,1,6,0,32218,0,0,110174.42,61,10,1780777348
337,docker,mem-limit,mem_stress,1,7,0,35135,0,0,122683.39,60,10,1780777358
338,docker,mem-limit,mem_stress,1,8,0,36003,0,0,137487.86,61,10,1780777369
339,docker,mem-limit,mem_stress,1,9,0,34704,0,0,118347.39,61,10,1780777380
340,docker,mem-limit,mem_stress,1,10,0,37256,0,0,109065.49,61,10,1780777391
341,docker,mem-limit,mem_stress,1,11,0,36507,0,0,108287.07,60,10,1780777401
342,docker,mem-limit,mem_stress,1,12,0,36019,0,0,117346.09,59,10,1780777412
343,docker,mem-limit,mem_stress,1,13,0,35871,0,0,119368.28,62,10,1780777423
344,docker,mem-limit,mem_stress,1,14,0,37251,0,0,121315.61,61,10,1780777433
345,docker,mem-limit,mem_stress,1,15,0,32235,0,0,113654.28,60,10,1780777444
346,docker,mem-limit,mem_stress,1,16,0,37995,0,0,109434.24,62,10,1780777455
347,docker,mem-limit,mem_stress,1,17,0,37007,0,0,101811.55,61,10,1780777465
348,docker,mem-limit,mem_stress,1,18,0,35837,0,0,106918.21,61,10,1780777476
349,docker,mem-limit,mem_stress,1,19,0,37653,0,0,109892.28,72,10,1780777487
350,docker,mem-limit,mem_stress,1,20,0,34364,0,0,122055.69,62,10,1780777498
351,docker,mem-limit,mem_stress,1,21,0,35986,0,0,110800.52,62,10,1780777508
352,docker,mem-limit,mem_stress,1,22,0,37545,0,0,120966.63,62,10,1780777519
353,docker,mem-limit,mem_stress,1,23,0,32021,0,0,118083.63,62,10,1780777530
354,docker,mem-limit,mem_stress,1,24,0,35847,0,0,123642.82,61,10,1780777541
355,docker,mem-limit,mem_stress,1,25,0,37264,0,0,114798.29,62,10,1780777551
356,docker,mem-limit,mem_stress,1,26,0,34379,0,0,130589.45,61,10,1780777562
357,docker,mem-limit,mem_stress,1,27,0,34351,0,0,136535.23,66,10,1780777573
358,docker,mem-limit,mem_stress,1,28,0,36136,0,0,119531.42,60,10,1780777583
359,docker,mem-limit,mem_stress,1,29,0,28688,0,0,91873.50,74,10,1780777594
360,docker,mem-limit,mem_stress,1,30,0,38001,0,0,111845.38,63,10,1780777605
361,host,none,mem_stress,2,1,0,133717,0,0,586256.23,15,10,1780777636
362,host,none,mem_stress,2,2,0,134758,0,0,300609.74,20,10,1780777647
363,host,none,mem_stress,2,3,0,133179,0,0,350073.28,16,10,1780777657
364,host,none,mem_stress,2,4,0,147301,0,0,311021.11,17,10,1780777667
365,host,none,mem_stress,2,5,0,140092,0,0,347786.74,16,10,1780777678
366,host,none,mem_stress,2,6,0,137930,0,0,324901.09,17,10,1780777688
367,host,none,mem_stress,2,7,0,132638,0,0,336158.04,17,10,1780777699
368,host,none,mem_stress,2,8,0,135711,0,0,416476.41,15,10,1780777710
369,host,none,mem_stress,2,9,0,140275,0,0,377951.20,16,10,1780777720
370,host,none,mem_stress,2,10,0,139252,0,0,326089.11,16,10,1780777730
371,host,none,mem_stress,2,11,0,138469,0,0,368893.56,17,10,1780777741
372,host,none,mem_stress,2,12,0,122899,0,0,354640.04,17,10,1780777752
373,host,none,mem_stress,2,13,0,123519,0,0,324132.74,16,10,1780777762
374,host,none,mem_stress,2,14,0,133955,0,0,352474.27,18,10,1780777772
375,host,none,mem_stress,2,15,0,137147,0,0,342792.29,17,10,1780777783
376,host,none,mem_stress,2,16,0,133625,0,0,313253.66,17,10,1780777793
377,host,none,mem_stress,2,17,0,134748,0,0,367414.17,17,10,1780777804
378,host,none,mem_stress,2,18,0,142255,0,0,327929.95,17,10,1780777814
379,host,none,mem_stress,2,19,0,134598,0,0,389419.39,17,10,1780777825
380,host,none,mem_stress,2,20,0,169429,0,0,482525.77,8,10,1780777836
381,host,none,mem_stress,2,21,0,141033,0,0,354816.94,14,10,1780777846
382,host,none,mem_stress,2,22,0,132391,0,0,321391.39,17,10,1780777857
383,host,none,mem_stress,2,23,0,138008,0,0,384878.03,17,10,1780777868
384,host,none,mem_stress,2,24,0,129901,0,0,416559.49,15,10,1780777878
385,host,none,mem_stress,2,25,0,139629,0,0,367056.00,17,10,1780777889
386,host,none,mem_stress,2,26,0,138719,0,0,359535.36,17,10,1780777900
387,host,none,mem_stress,2,27,0,137101,0,0,322235.52,17,10,1780777910
388,host,none,mem_stress,2,28,0,144633,0,0,301365.31,18,10,1780777921
389,host,none,mem_stress,2,29,0,134536,0,0,360843.71,16,10,1780777931
390,host,none,mem_stress,2,30,0,136043,0,0,345683.84,17,10,1780777942
391,docker,baseline,mem_stress,2,1,0,138017,0,0,394746.31,16,10,1780777983
392,docker,baseline,mem_stress,2,2,0,144349,0,0,322689.11,20,10,1780777994
393,docker,baseline,mem_stress,2,3,0,154258,0,0,344298.04,14,10,1780778004
394,docker,baseline,mem_stress,2,4,0,138421,0,0,355031.48,17,10,1780778016
395,docker,baseline,mem_stress,2,5,0,134155,0,0,330666.87,16,10,1780778026
396,docker,baseline,mem_stress,2,6,0,137955,0,0,340162.65,16,10,1780778037
397,docker,baseline,mem_stress,2,7,0,143301,0,0,327447.12,16,10,1780778048
398,docker,baseline,mem_stress,2,8,0,129177,0,0,312785.72,19,10,1780778059
399,docker,baseline,mem_stress,2,9,0,140710,0,0,332566.80,17,10,1780778070
400,docker,baseline,mem_stress,2,10,0,124056,0,0,289369.20,19,10,1780778081
401,docker,baseline,mem_stress,2,11,0,136245,0,0,339345.10,18,10,1780778092
402,docker,baseline,mem_stress,2,12,0,133873,0,0,318566.02,18,10,1780778103
403,docker,baseline,mem_stress,2,13,0,143715,0,0,330631.92,17,10,1780778114
404,docker,baseline,mem_stress,2,14,0,124897,0,0,294787.65,17,10,1780778124
405,docker,baseline,mem_stress,2,15,0,131557,0,0,297219.32,18,10,1780778135
406,docker,baseline,mem_stress,2,16,0,134317,0,0,331174.28,18,10,1780778146
407,docker,baseline,mem_stress,2,17,0,128646,0,0,354089.49,17,10,1780778157
408,docker,baseline,mem_stress,2,18,0,146570,0,0,306739.40,18,10,1780778168
409,docker,baseline,mem_stress,2,19,0,134427,0,0,336350.45,16,10,1780778178
410,docker,baseline,mem_stress,2,20,0,149545,0,0,275199.38,19,10,1780778189
411,docker,baseline,mem_stress,2,21,0,137572,0,0,320040.47,17,10,1780778200
412,docker,baseline,mem_stress,2,22,0,134150,0,0,322292.90,17,10,1780778211
413,docker,baseline,mem_stress,2,23,0,131396,0,0,330549.99,17,10,1780778222
414,docker,baseline,mem_stress,2,24,0,134873,0,0,387413.48,17,10,1780778234
415,docker,baseline,mem_stress,2,25,0,137510,0,0,389612.87,16,10,1780778244
416,docker,baseline,mem_stress,2,26,0,143638,0,0,408733.14,16,10,1780778255
417,docker,baseline,mem_stress,2,27,0,134058,0,0,327037.13,16,10,1780778266
418,docker,baseline,mem_stress,2,28,0,132472,0,0,360579.93,17,10,1780778277
419,docker,baseline,mem_stress,2,29,0,133348,0,0,369075.07,17,10,1780778288
420,docker,baseline,mem_stress,2,30,0,137151,0,0,336277.78,17,10,1780778299
421,docker,cpu-limit,mem_stress,2,1,0,135548,0,0,360209.48,15,10,1780778339
422,docker,cpu-limit,mem_stress,2,2,0,137300,0,0,335384.64,16,10,1780778350
423,docker,cpu-limit,mem_stress,2,3,0,138427,0,0,354308.12,15,10,1780778361
424,docker,cpu-limit,mem_stress,2,4,0,125587,0,0,472477.97,16,10,1780778372
425,docker,cpu-limit,mem_stress,2,5,0,136904,0,0,352869.05,15,10,1780778383
426,docker,cpu-limit,mem_stress,2,6,0,137110,0,0,394717.35,15,10,1780778395
427,docker,cpu-limit,mem_stress,2,7,0,140896,0,0,1147254.75,13,10,1780778407
428,docker,cpu-limit,mem_stress,2,8,0,133826,0,0,402364.15,16,10,1780778418
429,docker,cpu-limit,mem_stress,2,9,0,137836,0,0,330945.80,16,10,1780778429
430,docker,cpu-limit,mem_stress,2,10,0,143899,0,0,504076.46,15,10,1780778440
431,docker,cpu-limit,mem_stress,2,11,0,133788,0,0,473347.37,15,10,1780778451
432,docker,cpu-limit,mem_stress,2,12,0,139291,0,0,424614.43,15,10,1780778462
433,docker,cpu-limit,mem_stress,2,13,0,123568,0,0,979572.75,12,10,1780778474
434,docker,cpu-limit,mem_stress,2,14,0,132971,0,0,607254.13,14,10,1780778485
435,docker,cpu-limit,mem_stress,2,15,0,137401,0,0,515358.48,16,10,1780778496
436,docker,cpu-limit,mem_stress,2,16,0,134218,0,0,337476.86,16,10,1780778507
437,docker,cpu-limit,mem_stress,2,17,0,142317,0,0,378359.50,15,10,1780778518
438,docker,cpu-limit,mem_stress,2,18,0,141565,0,0,448223.27,14,10,1780778529
439,docker,cpu-limit,mem_stress,2,19,0,138632,0,0,1051686.53,13,10,1780778540
440,docker,cpu-limit,mem_stress,2,20,0,134234,0,0,407425.05,15,10,1780778552
441,docker,cpu-limit,mem_stress,2,21,0,144646,0,0,1005175.18,13,10,1780778563
442,docker,cpu-limit,mem_stress,2,22,0,134057,0,0,587102.99,16,10,1780778575
443,docker,cpu-limit,mem_stress,2,23,0,136390,0,0,360165.51,15,10,1780778586
444,docker,cpu-limit,mem_stress,2,24,0,136295,0,0,352169.06,16,10,1780778597
445,docker,cpu-limit,mem_stress,2,25,0,142420,0,0,444659.95,14,10,1780778608
446,docker,cpu-limit,mem_stress,2,26,0,115459,0,0,606785.91,13,10,1780778619
447,docker,cpu-limit,mem_stress,2,27,0,131942,0,0,329223.66,16,10,1780778630
448,docker,cpu-limit,mem_stress,2,28,0,138662,0,0,382844.70,15,10,1780778641
449,docker,cpu-limit,mem_stress,2,29,0,141957,0,0,329286.40,16,10,1780778652
450,docker,cpu-limit,mem_stress,2,30,0,141445,0,0,409555.31,16,10,1780778663
451,docker,mem-limit,mem_stress,2,1,0,141986,0,0,359863.37,17,10,1780778702
452,docker,mem-limit,mem_stress,2,2,0,135491,0,0,337343.20,16,10,1780778713
453,docker,mem-limit,mem_stress,2,3,0,134238,0,0,301174.44,20,10,1780778724
454,docker,mem-limit,mem_stress,2,4,0,138572,0,0,412966.41,16,10,1780778735
455,docker,mem-limit,mem_stress,2,5,0,135321,0,0,433415.42,10,10,1780778746
456,docker,mem-limit,mem_stress,2,6,0,139290,0,0,344162.71,15,10,1780778757
457,docker,mem-limit,mem_stress,2,7,0,139372,0,0,413924.11,17,10,1780778768
458,docker,mem-limit,mem_stress,2,8,0,140798,0,0,336231.58,17,10,1780778779
459,docker,mem-limit,mem_stress,2,9,0,134508,0,0,327190.48,17,10,1780778790
460,docker,mem-limit,mem_stress,2,10,0,128519,0,0,326253.12,17,10,1780778801
461,docker,mem-limit,mem_stress,2,11,0,138548,0,0,311501.43,20,10,1780778812
462,docker,mem-limit,mem_stress,2,12,0,135626,0,0,339609.13,17,10,1780778824
463,docker,mem-limit,mem_stress,2,13,0,133955,0,0,366681.28,18,10,1780778834
464,docker,mem-limit,mem_stress,2,14,0,147930,0,0,317333.86,19,10,1780778845
465,docker,mem-limit,mem_stress,2,15,0,135645,0,0,388193.02,17,10,1780778856
466,docker,mem-limit,mem_stress,2,16,0,135480,0,0,299854.75,17,10,1780778867
467,docker,mem-limit,mem_stress,2,17,0,137378,0,0,311881.95,18,10,1780778878
468,docker,mem-limit,mem_stress,2,18,0,142725,0,0,353224.13,17,10,1780778889
469,docker,mem-limit,mem_stress,2,19,0,145426,0,0,291589.36,20,10,1780778900
470,docker,mem-limit,mem_stress,2,20,0,126418,0,0,344215.65,18,10,1780778910
471,docker,mem-limit,mem_stress,2,21,0,142921,0,0,326990.94,17,10,1780778921
472,docker,mem-limit,mem_stress,2,22,0,130092,0,0,309830.31,20,10,1780778932
473,docker,mem-limit,mem_stress,2,23,0,142840,0,0,340537.98,17,10,1780778943
474,docker,mem-limit,mem_stress,2,24,0,136591,0,0,370124.63,16,10,1780778954
475,docker,mem-limit,mem_stress,2,25,0,142361,0,0,324684.78,18,10,1780778965
476,docker,mem-limit,mem_stress,2,26,0,135615,0,0,313934.48,17,10,1780778976
477,docker,mem-limit,mem_stress,2,27,0,136372,0,0,300409.84,17,10,1780778987
478,docker,mem-limit,mem_stress,2,28,0,129349,0,0,388449.82,17,10,1780778998
479,docker,mem-limit,mem_stress,2,29,0,137268,0,0,372449.65,17,10,1780779009
480,docker,mem-limit,mem_stress,2,30,0,135708,0,0,304616.75,17,10,1780779020
481,host,none,io_stress,1,1,0,0,0,1006632960,575.08,30,10,1780779051
482,host,none,io_stress,1,2,0,0,0,973078528,599.64,29,10,1780779061
483,host,none,io_stress,1,3,0,0,0,973078528,688.68,29,10,1780779071
484,host,none,io_stress,1,4,0,0,0,905969664,533.56,27,10,1780779082
485,host,none,io_stress,1,5,0,0,0,939524096,721.94,28,10,1780779092
486,host,none,io_stress,1,6,0,0,0,973078528,616.30,29,10,1780779102
487,host,none,io_stress,1,7,0,0,0,973078528,587.60,29,10,1780779113
488,host,none,io_stress,1,8,0,0,0,1040187392,530.18,31,10,1780779123
489,host,none,io_stress,1,9,0,0,0,1073741824,612.70,32,10,1780779134
490,host,none,io_stress,1,10,0,0,0,1073741824,531.36,32,10,1780779144
491,host,none,io_stress,1,11,0,0,0,1073741824,473.76,32,10,1780779154
492,host,none,io_stress,1,12,0,0,0,1107296256,509.16,33,10,1780779165
493,host,none,io_stress,1,13,0,0,0,1040187392,604.15,31,10,1780779175
494,host,none,io_stress,1,14,0,0,0,1174405120,492.31,35,10,1780779186
495,host,none,io_stress,1,15,0,0,0,1006632960,584.27,30,10,1780779196
496,host,none,io_stress,1,16,0,0,0,1040187392,469.95,31,10,1780779206
497,host,none,io_stress,1,17,0,0,0,1073741824,553.48,32,10,1780779217
498,host,none,io_stress,1,18,0,0,0,1040187392,566.16,31,10,1780779227
499,host,none,io_stress,1,19,0,0,0,1073741824,520.74,32,10,1780779237
500,host,none,io_stress,1,20,0,0,0,1174405120,493.66,35,10,1780779248
501,host,none,io_stress,1,21,0,0,0,1140850688,434.18,34,10,1780779258
502,host,none,io_stress,1,22,0,0,0,1107296256,540.03,33,10,1780779269
503,host,none,io_stress,1,23,0,0,0,1006632960,473.42,30,10,1780779279
504,host,none,io_stress,1,24,0,0,0,1107296256,501.54,33,10,1780779289
505,host,none,io_stress,1,25,0,0,0,973078528,499.53,29,10,1780779300
506,host,none,io_stress,1,26,0,0,0,1006632960,561.16,30,10,1780779310
507,host,none,io_stress,1,27,0,0,0,1040187392,540.39,31,10,1780779320
508,host,none,io_stress,1,28,0,0,0,1040187392,566.50,31,10,1780779330
509,host,none,io_stress,1,29,0,0,0,1140850688,508.16,34,10,1780779341
510,host,none,io_stress,1,30,0,0,0,1140850688,519.25,34,10,1780779351
511,docker,baseline,io_stress,1,1,0,0,0,838860800,598.55,25,10,1780779396
512,docker,baseline,io_stress,1,2,0,0,0,939524096,561.96,28,10,1780779407
513,docker,baseline,io_stress,1,3,0,0,0,838860800,563.35,25,10,1780779417
514,docker,baseline,io_stress,1,4,0,0,0,1006632960,595.94,30,10,1780779428
515,docker,baseline,io_stress,1,5,0,0,0,939524096,621.72,28,10,1780779439
516,docker,baseline,io_stress,1,6,0,0,0,872415232,617.85,26,10,1780779450
517,docker,baseline,io_stress,1,7,0,0,0,838860800,576.73,25,10,1780779460
518,docker,baseline,io_stress,1,8,0,0,0,905969664,555.40,27,10,1780779471
519,docker,baseline,io_stress,1,9,0,0,0,838860800,610.34,25,10,1780779482
520,docker,baseline,io_stress,1,10,0,0,0,939524096,613.43,28,10,1780779493
521,docker,baseline,io_stress,1,11,0,0,0,838860800,594.31,25,10,1780779504
522,docker,baseline,io_stress,1,12,0,0,0,872415232,593.11,26,10,1780779515
523,docker,baseline,io_stress,1,13,0,0,0,1006632960,562.79,30,10,1780779526
524,docker,baseline,io_stress,1,14,0,0,0,939524096,509.81,28,10,1780779537
525,docker,baseline,io_stress,1,15,0,0,0,1040187392,551.89,31,10,1780779548
526,docker,baseline,io_stress,1,16,0,0,0,939524096,518.24,28,10,1780779559
527,docker,baseline,io_stress,1,17,0,0,0,872415232,575.46,26,10,1780779570
528,docker,baseline,io_stress,1,18,0,0,0,872415232,516.51,26,10,1780779580
529,docker,baseline,io_stress,1,19,0,0,0,905969664,479.38,27,10,1780779591
530,docker,baseline,io_stress,1,20,0,0,0,905969664,509.42,27,10,1780779602
531,docker,baseline,io_stress,1,21,0,0,0,771751936,645.42,23,10,1780779613
532,docker,baseline,io_stress,1,22,0,0,0,704643072,915.78,21,10,1780779624
533,docker,baseline,io_stress,1,23,0,0,0,838860800,1005.62,25,10,1780779635
534,docker,baseline,io_stress,1,24,0,0,0,1040187392,515.44,31,10,1780779646
535,docker,baseline,io_stress,1,25,0,0,0,973078528,512.16,29,10,1780779657
536,docker,baseline,io_stress,1,26,0,0,0,939524096,502.25,28,10,1780779668
537,docker,baseline,io_stress,1,27,0,0,0,1006632960,464.62,30,10,1780779679
538,docker,baseline,io_stress,1,28,0,0,0,905969664,493.57,27,10,1780779690
539,docker,baseline,io_stress,1,29,0,0,0,1040187392,483.78,31,10,1780779701
540,docker,baseline,io_stress,1,30,0,0,0,1073741824,523.13,32,10,1780779712
541,docker,cpu-limit,io_stress,1,1,0,0,0,905969664,543.03,27,10,1780779751
542,docker,cpu-limit,io_stress,1,2,0,0,0,939524096,684.23,28,10,1780779762
543,docker,cpu-limit,io_stress,1,3,0,0,0,905969664,535.53,27,10,1780779773
544,docker,cpu-limit,io_stress,1,4,0,0,0,973078528,549.84,29,10,1780779784
545,docker,cpu-limit,io_stress,1,5,0,0,0,872415232,506.47,26,10,1780779794
546,docker,cpu-limit,io_stress,1,6,0,0,0,1006632960,610.07,30,10,1780779805
547,docker,cpu-limit,io_stress,1,7,0,0,0,872415232,536.40,26,10,1780779816
548,docker,cpu-limit,io_stress,1,8,0,0,0,1006632960,543.55,30,10,1780779827
549,docker,cpu-limit,io_stress,1,9,0,0,0,939524096,573.95,28,10,1780779837
550,docker,cpu-limit,io_stress,1,10,0,0,0,939524096,553.81,28,10,1780779848
551,docker,cpu-limit,io_stress,1,11,0,0,0,1006632960,608.55,30,10,1780779859
552,docker,cpu-limit,io_stress,1,12,0,0,0,973078528,558.76,29,10,1780779870
553,docker,cpu-limit,io_stress,1,13,0,0,0,905969664,494.49,27,10,1780779881
554,docker,cpu-limit,io_stress,1,14,0,0,0,939524096,507.42,28,10,1780779891
555,docker,cpu-limit,io_stress,1,15,0,0,0,939524096,559.38,28,10,1780779902
556,docker,cpu-limit,io_stress,1,16,0,0,0,973078528,563.03,29,10,1780779913
557,docker,cpu-limit,io_stress,1,17,0,0,0,905969664,647.72,27,10,1780779924
558,docker,cpu-limit,io_stress,1,18,0,0,0,905969664,589.20,27,10,1780779935
559,docker,cpu-limit,io_stress,1,19,0,0,0,939524096,495.48,28,10,1780779945
560,docker,cpu-limit,io_stress,1,20,0,0,0,973078528,491.35,29,10,1780779956
561,docker,cpu-limit,io_stress,1,21,0,0,0,838860800,529.35,25,10,1780779968
562,docker,cpu-limit,io_stress,1,22,0,0,0,872415232,534.26,26,10,1780779978
563,docker,cpu-limit,io_stress,1,23,0,0,0,905969664,611.82,27,10,1780779989
564,docker,cpu-limit,io_stress,1,24,0,0,0,905969664,657.51,27,10,1780780000
565,docker,cpu-limit,io_stress,1,25,0,0,0,872415232,595.72,26,10,1780780011
566,docker,cpu-limit,io_stress,1,26,0,0,0,872415232,636.29,26,10,1780780022
567,docker,cpu-limit,io_stress,1,27,0,0,0,905969664,578.75,27,10,1780780033
568,docker,cpu-limit,io_stress,1,28,0,0,0,939524096,547.71,28,10,1780780044
569,docker,cpu-limit,io_stress,1,29,0,0,0,905969664,565.69,27,10,1780780055
570,docker,cpu-limit,io_stress,1,30,0,0,0,939524096,557.34,28,10,1780780066
571,docker,mem-limit,io_stress,1,1,0,0,0,1140850688,460.11,34,10,1780780105
572,docker,mem-limit,io_stress,1,2,0,0,0,973078528,574.73,29,10,1780780116
573,docker,mem-limit,io_stress,1,3,0,0,0,1040187392,500.01,31,10,1780780127
574,docker,mem-limit,io_stress,1,4,0,0,0,1006632960,518.75,30,10,1780780138
575,docker,mem-limit,io_stress,1,5,0,0,0,905969664,612.00,27,10,1780780148
576,docker,mem-limit,io_stress,1,6,0,0,0,973078528,578.85,29,10,1780780159
577,docker,mem-limit,io_stress,1,7,0,0,0,838860800,622.51,25,10,1780780170
578,docker,mem-limit,io_stress,1,8,0,0,0,1006632960,510.75,30,10,1780780181
579,docker,mem-limit,io_stress,1,9,0,0,0,1006632960,483.37,30,10,1780780191
580,docker,mem-limit,io_stress,1,10,0,0,0,973078528,594.23,29,10,1780780202
581,docker,mem-limit,io_stress,1,11,0,0,0,973078528,582.96,29,10,1780780213
582,docker,mem-limit,io_stress,1,12,0,0,0,1006632960,496.02,30,10,1780780224
583,docker,mem-limit,io_stress,1,13,0,0,0,973078528,478.56,29,10,1780780235
584,docker,mem-limit,io_stress,1,14,0,0,0,973078528,548.03,29,10,1780780245
585,docker,mem-limit,io_stress,1,15,0,0,0,939524096,505.81,28,10,1780780256
586,docker,mem-limit,io_stress,1,16,0,0,0,905969664,552.02,27,10,1780780267
587,docker,mem-limit,io_stress,1,17,0,0,0,973078528,475.54,29,10,1780780277
588,docker,mem-limit,io_stress,1,18,0,0,0,973078528,545.88,29,10,1780780288
589,docker,mem-limit,io_stress,1,19,0,0,0,1006632960,499.57,30,10,1780780299
590,docker,mem-limit,io_stress,1,20,0,0,0,1006632960,658.08,30,10,1780780310
591,docker,mem-limit,io_stress,1,21,0,0,0,1006632960,692.07,30,10,1780780321
592,docker,mem-limit,io_stress,1,22,0,0,0,939524096,510.45,28,10,1780780331
593,docker,mem-limit,io_stress,1,23,0,0,0,905969664,560.44,27,10,1780780342
594,docker,mem-limit,io_stress,1,24,0,0,0,973078528,471.95,29,10,1780780353
595,docker,mem-limit,io_stress,1,25,0,0,0,1006632960,589.78,30,10,1780780364
596,docker,mem-limit,io_stress,1,26,0,0,0,1006632960,476.58,30,10,1780780374
597,docker,mem-limit,io_stress,1,27,0,0,0,1006632960,520.27,30,10,1780780385
598,docker,mem-limit,io_stress,1,28,0,0,0,1006632960,525.12,30,10,1780780396
599,docker,mem-limit,io_stress,1,29,0,0,0,973078528,562.50,29,10,1780780407
600,docker,mem-limit,io_stress,1,30,0,0,0,973078528,501.06,29,10,1780780418
601,host,none,io_stress,2,1,0,0,12288,1342177280,536.00,10,10,1780780451
602,host,none,io_stress,2,2,0,0,0,1207959552,539.41,9,10,1780780462
603,host,none,io_stress,2,3,0,0,0,1207959552,465.07,9,10,1780780472
604,host,none,io_stress,2,4,0,0,0,1207959552,533.07,9,10,1780780483
605,host,none,io_stress,2,5,0,0,0,1207959552,549.83,9,10,1780780493
606,host,none,io_stress,2,6,0,0,0,1342177280,478.44,10,10,1780780505
607,host,none,io_stress,2,7,0,0,0,1207959552,618.36,9,10,1780780516
608,host,none,io_stress,2,8,0,0,0,1073741824,2463.22,8,10,1780780527
609,host,none,io_stress,2,9,0,0,0,1207959552,474.12,9,10,1780780538
610,host,none,io_stress,2,10,0,0,0,1207959552,461.39,9,10,1780780549
611,host,none,io_stress,2,11,0,0,0,1207959552,450.96,9,10,1780780561
612,host,none,io_stress,2,12,0,0,0,1073741824,665.40,8,10,1780780573
613,host,none,io_stress,2,13,0,0,0,1073741824,521.75,8,10,1780780584
614,host,none,io_stress,2,14,0,0,0,1073741824,581.99,8,10,1780780596
615,host,none,io_stress,2,15,0,0,0,1073741824,596.61,8,10,1780780607
616,host,none,io_stress,2,16,0,0,0,1073741824,517.58,8,10,1780780618
617,host,none,io_stress,2,17,0,0,0,1207959552,545.26,9,10,1780780629
618,host,none,io_stress,2,18,0,0,0,1207959552,508.73,9,10,1780780640
619,host,none,io_stress,2,19,0,0,0,1207959552,501.61,9,10,1780780651
620,host,none,io_stress,2,20,0,0,0,1073741824,485.22,8,10,1780780662
621,host,none,io_stress,2,21,0,0,0,1073741824,546.83,8,10,1780780672
622,host,none,io_stress,2,22,0,0,0,1073741824,493.96,8,10,1780780683
623,host,none,io_stress,2,23,0,0,0,1207959552,580.52,9,10,1780780695
624,host,none,io_stress,2,24,0,0,0,1073741824,523.54,8,10,1780780706
625,host,none,io_stress,2,25,0,0,0,939524096,733.61,7,10,1780780716
626,host,none,io_stress,2,26,0,0,0,1207959552,522.64,9,10,1780780727
627,host,none,io_stress,2,27,0,0,0,1073741824,592.41,8,10,1780780737
628,host,none,io_stress,2,28,0,0,0,1073741824,483.23,8,10,1780780748
629,host,none,io_stress,2,29,0,0,0,1073741824,578.85,8,10,1780780758
630,host,none,io_stress,2,30,0,0,0,939524096,540.75,7,10,1780780768
631,docker,baseline,io_stress,2,1,0,0,4096,1073741824,643.87,8,10,1780780807
632,docker,baseline,io_stress,2,2,0,0,0,1207959552,538.50,9,10,1780780818
633,docker,baseline,io_stress,2,3,0,0,0,1073741824,541.97,8,10,1780780830
634,docker,baseline,io_stress,2,4,0,0,0,1073741824,547.92,8,10,1780780841
635,docker,baseline,io_stress,2,5,0,0,0,1073741824,576.38,8,10,1780780851
636,docker,baseline,io_stress,2,6,0,0,0,1207959552,448.54,9,10,1780780863
637,docker,baseline,io_stress,2,7,0,0,0,1073741824,567.54,8,10,1780780874
638,docker,baseline,io_stress,2,8,0,0,0,1073741824,506.11,8,10,1780780885
639,docker,baseline,io_stress,2,9,0,0,0,1073741824,645.72,8,10,1780780897
640,docker,baseline,io_stress,2,10,0,0,0,1073741824,545.94,8,10,1780780908
641,docker,baseline,io_stress,2,11,0,0,0,939524096,566.62,7,10,1780780919
642,docker,baseline,io_stress,2,12,0,0,0,1073741824,467.70,8,10,1780780930
643,docker,baseline,io_stress,2,13,0,0,0,1073741824,453.72,8,10,1780780940
644,docker,baseline,io_stress,2,14,0,0,0,1073741824,527.75,8,10,1780780951
645,docker,baseline,io_stress,2,15,0,0,0,1207959552,496.04,9,10,1780780963
646,docker,baseline,io_stress,2,16,0,0,0,1073741824,444.91,8,10,1780780974
647,docker,baseline,io_stress,2,17,0,0,0,939524096,629.00,7,10,1780780985
648,docker,baseline,io_stress,2,18,0,0,0,805306368,672.94,6,10,1780780996
649,docker,baseline,io_stress,2,19,0,0,0,1073741824,527.84,8,10,1780781008
650,docker,baseline,io_stress,2,20,0,0,0,1073741824,519.24,8,10,1780781019
651,docker,baseline,io_stress,2,21,0,0,0,1073741824,450.54,8,10,1780781030
652,docker,baseline,io_stress,2,22,0,0,0,1073741824,440.90,8,10,1780781042
653,docker,baseline,io_stress,2,23,0,0,0,1073741824,413.43,8,10,1780781052
654,docker,baseline,io_stress,2,24,0,0,0,1073741824,560.81,8,10,1780781063
655,docker,baseline,io_stress,2,25,0,0,0,1207959552,585.21,9,10,1780781074
656,docker,baseline,io_stress,2,26,0,0,0,1207959552,497.48,9,10,1780781086
657,docker,baseline,io_stress,2,27,0,0,0,1207959552,518.74,9,10,1780781098
658,docker,baseline,io_stress,2,28,0,0,0,1207959552,439.76,9,10,1780781109
659,docker,baseline,io_stress,2,29,0,0,0,1207959552,524.64,9,10,1780781121
660,docker,baseline,io_stress,2,30,0,0,0,1073741824,470.97,8,10,1780781132
661,docker,cpu-limit,io_stress,2,1,0,0,0,939524096,451.19,7,10,1780781172
662,docker,cpu-limit,io_stress,2,2,0,0,0,939524096,527.97,7,10,1780781183
663,docker,cpu-limit,io_stress,2,3,0,0,0,805306368,505.71,6,10,1780781194
664,docker,cpu-limit,io_stress,2,4,0,0,0,939524096,561.13,7,10,1780781205
665,docker,cpu-limit,io_stress,2,5,0,0,0,939524096,618.17,7,10,1780781216
666,docker,cpu-limit,io_stress,2,6,0,0,0,939524096,365.24,7,10,1780781227
667,docker,cpu-limit,io_stress,2,7,0,0,0,939524096,580.26,7,10,1780781239
668,docker,cpu-limit,io_stress,2,8,0,0,0,939524096,545.75,7,10,1780781250
669,docker,cpu-limit,io_stress,2,9,0,0,0,939524096,499.93,7,10,1780781261
670,docker,cpu-limit,io_stress,2,10,0,0,0,805306368,560.88,6,10,1780781273
671,docker,cpu-limit,io_stress,2,11,0,0,0,939524096,591.52,7,10,1780781284
672,docker,cpu-limit,io_stress,2,12,0,0,0,939524096,549.03,7,10,1780781296
673,docker,cpu-limit,io_stress,2,13,0,0,0,1073741824,536.41,8,10,1780781309
674,docker,cpu-limit,io_stress,2,14,0,0,0,805306368,479.74,6,10,1780781320
675,docker,cpu-limit,io_stress,2,15,0,0,0,939524096,495.42,7,10,1780781332
676,docker,cpu-limit,io_stress,2,16,0,0,0,939524096,482.71,7,10,1780781343
677,docker,cpu-limit,io_stress,2,17,0,0,0,939524096,473.75,7,10,1780781354
678,docker,cpu-limit,io_stress,2,18,0,0,0,939524096,478.55,7,10,1780781366
679,docker,cpu-limit,io_stress,2,19,0,0,0,939524096,613.51,7,10,1780781377
680,docker,cpu-limit,io_stress,2,20,0,0,0,939524096,416.57,7,10,1780781389
681,docker,cpu-limit,io_stress,2,21,0,0,0,939524096,525.98,7,10,1780781400
682,docker,cpu-limit,io_stress,2,22,0,0,0,939524096,469.70,7,10,1780781412
683,docker,cpu-limit,io_stress,2,23,0,0,0,939524096,504.47,7,10,1780781423
684,docker,cpu-limit,io_stress,2,24,0,0,0,939524096,575.26,7,10,1780781435
685,docker,cpu-limit,io_stress,2,25,0,0,0,1073741824,545.62,8,10,1780781447
686,docker,cpu-limit,io_stress,2,26,0,0,0,939524096,476.17,7,10,1780781458
687,docker,cpu-limit,io_stress,2,27,0,0,0,939524096,492.15,7,10,1780781470
688,docker,cpu-limit,io_stress,2,28,0,0,0,805306368,484.12,6,10,1780781481
689,docker,cpu-limit,io_stress,2,29,0,0,0,939524096,567.35,7,10,1780781492
690,docker,cpu-limit,io_stress,2,30,0,0,0,1073741824,478.37,8,10,1780781504
691,docker,mem-limit,io_stress,2,1,0,0,0,1207959552,1579.27,9,10,1780781544
692,docker,mem-limit,io_stress,2,2,0,0,0,1073741824,2290.06,8,10,1780781556
693,docker,mem-limit,io_stress,2,3,0,0,0,1073741824,1116.15,8,10,1780781566
694,docker,mem-limit,io_stress,2,4,0,0,0,1073741824,1802.89,8,10,1780781578
695,docker,mem-limit,io_stress,2,5,0,0,0,1207959552,1074.35,9,10,1780781589
696,docker,mem-limit,io_stress,2,6,0,0,0,1207959552,1726.08,9,10,1780781601
697,docker,mem-limit,io_stress,2,7,0,0,0,1207959552,2049.04,9,10,1780781613
698,docker,mem-limit,io_stress,2,8,0,0,0,1073741824,1443.19,8,10,1780781624
699,docker,mem-limit,io_stress,2,9,0,0,0,1207959552,1342.46,9,10,1780781636
700,docker,mem-limit,io_stress,2,10,0,0,0,1207959552,1775.45,9,10,1780781647
701,docker,mem-limit,io_stress,2,11,0,0,0,1207959552,1580.20,9,10,1780781658
702,docker,mem-limit,io_stress,2,12,0,0,0,1073741824,1548.97,8,10,1780781669
703,docker,mem-limit,io_stress,2,13,0,0,0,1207959552,1576.79,9,10,1780781681
704,docker,mem-limit,io_stress,2,14,0,0,0,1073741824,1341.96,8,10,1780781692
705,docker,mem-limit,io_stress,2,15,0,0,0,1073741824,787.40,8,10,1780781704
706,docker,mem-limit,io_stress,2,16,0,0,0,1073741824,1387.26,8,10,1780781716
707,docker,mem-limit,io_stress,2,17,0,0,0,1073741824,1839.41,8,10,1780781728
708,docker,mem-limit,io_stress,2,18,0,0,0,1073741824,897.65,8,10,1780781739
709,docker,mem-limit,io_stress,2,19,0,0,0,939524096,678.85,7,10,1780781750
710,docker,mem-limit,io_stress,2,20,0,0,0,1073741824,1508.03,8,10,1780781762
711,docker,mem-limit,io_stress,2,21,0,0,0,1073741824,1447.76,8,10,1780781774
712,docker,mem-limit,io_stress,2,22,0,0,0,1207959552,755.00,9,10,1780781784
713,docker,mem-limit,io_stress,2,23,0,0,0,1073741824,2478.66,8,10,1780781795
714,docker,mem-limit,io_stress,2,24,0,0,0,1207959552,1575.08,9,10,1780781807
715,docker,mem-limit,io_stress,2,25,0,0,0,1207959552,1447.98,9,10,1780781819
716,docker,mem-limit,io_stress,2,26,0,0,0,1073741824,1610.40,8,10,1780781830
717,docker,mem-limit,io_stress,2,27,0,0,0,1073741824,1557.67,8,10,1780781841
718,docker,mem-limit,io_stress,2,28,0,0,0,1073741824,2026.93,8,10,1780781852
719,docker,mem-limit,io_stress,2,29,0,0,0,1073741824,1467.86,8,10,1780781863
720,docker,mem-limit,io_stress,2,30,0,0,0,1073741824,1582.01,8,10,1780781874
